Participant #,Gender,Word,Rating,Consonant,Vowel,"""P""","""T""","""K"" "," ""M""","""N""","""L""","""E""","""I""","""O""","""U""",1=3
P1,M,tuk,2,Plosive,Back,F,T,T,F,F,F,F,F,F,T,F
P1,M,top,1,Plosive,Back,T,T,F,F,F,F,F,F,T,F,F
P1,M,nun,2,Sonorant,Back,F,F,F,F,T,F,F,F,F,T,T
P1,M,kik,2,Plosive,Front,F,F,T,F,F,F,F,T,F,F,T
P1,M,pup,1,Plosive,Back,T,F,F,F,F,F,F,F,F,T,T
P1,M,tet,2,Plosive,Front,F,T,F,F,F,F,T,F,F,F,T
P1,M,nel,1,Sonorant,Front,F,F,F,F,T,T,T,F,F,F,F
P1,M,tit,3,Plosive,Front,F,T,F,F,F,F,F,T,F,F,T
P1,M,tep,2,Plosive,Front,T,T,F,F,F,F,T,F,F,F,F
P1,M,nul,2,Sonorant,Back,F,F,F,F,T,T,F,F,F,T,F
P1,M,nen,3,Sonorant,Front,F,F,F,F,T,F,T,F,F,F,T
P1,M,mel,1,Sonorant,Front,F,F,F,T,F,T,T,F,F,F,F
P1,M,lon,2,Sonorant,Back,F,F,F,F,T,T,F,F,T,F,F
P1,M,lol,3,Sonorant,Back,F,F,F,F,F,T,F,F,T,F,T
P1,M,lin,2,Sonorant,Front,F,F,F,F,T,T,F,T,F,F,F
P1,M,kuk,2,Plosive,Back,F,F,T,F,F,F,F,F,F,T,T
P2,F,nem,3,Sonorant,Front,F,F,F,T,T,F,T,F,F,F,F
P2,F,nul,1,Sonorant,Back,F,F,F,F,T,T,F,F,F,T,F
P2,F,top,1,Plosive,Back,T,T,F,F,F,F,F,F,T,F,F
P2,F,kut,0,Plosive,Back,F,T,T,F,F,F,F,F,F,T,F
P2,F,kit,1,Plosive,Front,F,T,T,F,F,F,F,T,F,F,F
P2,F,pek,2,Plosive,Front,T,F,T,F,F,F,T,F,F,F,F
P2,F,len,3,Sonorant,Front,F,F,F,F,T,T,T,F,F,F,F
P2,F,tek,3,Plosive,Front,F,T,T,F,F,F,T,F,F,F,F
P2,F,mum,0,Sonorant,Back,F,F,F,T,F,F,F,F,F,T,T
P2,F,pok,2,Plosive,Back,T,F,T,F,F,F,F,F,T,F,F
P2,F,nol,1,Sonorant,Back,F,F,F,F,T,T,F,F,T,F,F
P2,F,ket,1,Plosive,Front,F,T,T,F,F,F,T,F,F,F,F
P2,F,min,2,Sonorant,Front,F,F,F,T,T,F,F,T,F,F,F
P2,F,num,1,Sonorant,Back,F,F,F,T,T,F,F,F,F,T,F
P2,F,tup,0,Plosive,Back,T,T,F,F,F,F,F,F,F,T,F
P2,F,mem,3,Sonorant,Front,F,F,F,T,F,F,T,F,F,F,T
P3,F,lul,2,Sonorant,Back,F,F,F,F,F,T,F,F,F,T,T
P3,F,nem,3,Sonorant,Front,F,F,F,T,T,F,T,F,F,F,F
P3,F,min,2,Sonorant,Front,F,F,F,T,T,F,F,T,F,F,F
P3,F,mom,2,Sonorant,Back,F,F,F,T,F,F,F,F,T,F,T
P3,F,lom,1,Sonorant,Back,F,F,F,T,F,T,F,F,T,F,F
P3,F,pup,2,Plosive,Back,T,F,F,F,F,F,F,F,F,T,T
P3,F,kip,1,Plosive,Front,T,F,T,F,F,F,F,T,F,F,F
P3,F,kot,0,Plosive,Back,F,T,T,F,F,F,F,F,T,F,F
P3,F,lon,1,Sonorant,Back,F,F,F,F,T,T,F,F,T,F,F
P3,F,kit,2,Plosive,Front,F,T,T,F,F,F,F,T,F,F,F
P3,F,lim,2,Sonorant,Front,F,F,F,T,F,T,F,T,F,F,F
P3,F,tik,2,Plosive,Front,F,T,T,F,F,F,F,T,F,F,F
P3,F,pot,1,Plosive,Back,T,T,F,F,F,F,F,F,T,F,F
P3,F,pok,2,Plosive,Back,T,F,T,F,F,F,F,F,T,F,F
P3,F,kik,3,Plosive,Front,F,F,T,F,F,F,F,T,F,F,T
P3,F,mel,1,Sonorant,Front,F,F,F,T,F,T,T,F,F,F,F
P4,M,mun,1,Sonorant,Back,F,F,F,T,T,F,F,F,F,T,F
P4,M,tek,2,Plosive,Front,F,T,T,F,F,F,T,F,F,F,F
P4,M,pep,1,Plosive,Front,T,F,F,F,F,F,T,F,F,F,T
P4,M,lel,0,Sonorant,Front,F,F,F,F,F,T,T,F,F,F,T
P4,M,nem,3,Sonorant,Front,F,F,F,T,T,F,T,F,F,F,F
P4,M,kep,1,Plosive,Front,T,F,T,F,F,F,T,F,F,F,F
P4,M,lol,0,Sonorant,Back,F,F,F,F,F,T,F,F,T,F,T
P4,M,mum,1,Sonorant,Back,F,F,F,T,F,F,F,F,F,T,T
P4,M,pot,2,Plosive,Back,T,T,F,F,F,F,F,F,T,F,F
P4,M,pok,1,Plosive,Back,T,F,T,F,F,F,F,F,T,F,F
P4,M,mul,0,Sonorant,Back,F,F,F,T,F,T,F,F,F,T,F
P4,M,nin,0,Sonorant,Front,F,F,F,F,T,F,F,T,F,F,T
P4,M,nim,2,Sonorant,Front,F,F,F,T,T,F,F,T,F,F,F
P4,M,kot,1,Plosive,Back,F,T,T,F,F,F,F,F,T,F,F
P4,M,kit,1,Plosive,Front,F,T,T,F,F,F,F,T,F,F,F
P4,M,kuk,3,Plosive,Back,F,F,T,F,F,F,F,F,F,T,T
P5,M,lim,1,Sonorant,Front,F,F,F,T,F,T,F,T,F,F,F
P5,M,kep,2,Plosive,Front,T,F,T,F,F,F,T,F,F,F,F
P5,M,put,3,Plosive,Back,T,T,F,F,F,F,F,F,F,T,F
P5,M,mol,0,Sonorant,Back,F,F,F,T,F,T,F,F,T,F,F
P5,M,lul,1,Sonorant,Back,F,F,F,F,F,T,F,F,F,T,T
P5,M,mem,2,Sonorant,Front,F,F,F,T,F,F,T,F,F,F,T
P5,M,pek,2,Plosive,Front,T,F,T,F,F,F,T,F,F,F,F
P5,M,kit,3,Plosive,Front,F,T,T,F,F,F,F,T,F,F,F
P5,M,lum,1,Sonorant,Back,F,F,F,T,F,T,F,F,F,T,F
P5,M,nel,1,Sonorant,Front,F,F,F,F,T,T,T,F,F,F,F
P5,M,tek,3,Plosive,Front,F,T,T,F,F,F,T,F,F,F,F
P5,M,kop,1,Plosive,Back,T,F,T,F,F,F,F,F,T,F,F
P5,M,top,2,Plosive,Back,T,T,F,F,F,F,F,F,T,F,F
P5,M,mum,3,Sonorant,Back,F,F,F,T,F,F,F,F,F,T,T
P5,M,min,2,Sonorant,Front,F,F,F,T,T,F,F,T,F,F,F
P5,M,kut,1,Plosive,Back,F,T,T,F,F,F,F,F,F,T,F
P6,M,nim,2,Sonorant,Front,F,F,F,T,T,F,F,T,F,F,F
P6,M,lum,1,Sonorant,Back,F,F,F,T,F,T,F,F,F,T,F
P6,M,mul,0,Sonorant,Back,F,F,F,T,F,T,F,F,F,T,F
P6,M,puk,3,Plosive,Back,T,F,T,F,F,F,F,F,F,T,F
P6,M,tik,3,Plosive,Front,F,T,T,F,F,F,F,T,F,F,F
P6,M,kep,3,Plosive,Front,T,F,T,F,F,F,T,F,F,F,F
P6,M,tok,0,Plosive,Back,F,T,T,F,F,F,F,F,T,F,F
P6,M,nul,2,Sonorant,Back,F,F,F,F,T,T,F,F,F,T,F
P6,M,len,3,Sonorant,Front,F,F,F,F,T,T,T,F,F,F,F
P6,M,nom,3,Sonorant,Back,F,F,F,T,T,F,F,F,T,F,F
P6,M,lim,2,Sonorant,Front,F,F,F,T,F,T,F,T,F,F,F
P6,M,kot,0,Plosive,Back,F,T,T,F,F,F,F,F,T,F,F
P6,M,kit,2,Plosive,Front,F,T,T,F,F,F,F,T,F,F,F
P6,M,pup,3,Plosive,Back,T,F,F,F,F,F,F,F,F,T,T
P6,M,pek,3,Plosive,Front,T,F,T,F,F,F,T,F,F,F,F
P6,M,nil,3,Sonorant,Front,F,F,F,F,T,T,F,T,F,F,F
P7,F,pik,2,Plosive,Front,T,F,T,F,F,F,F,T,F,F,F
P7,F,nom,3,Sonorant,Back,F,F,F,T,T,F,F,F,T,F,F
P7,F,nil,0,Sonorant,Front,F,F,F,F,T,T,F,T,F,F,F
P7,F,tup,1,Plosive,Back,T,T,F,F,F,F,F,F,F,T,F
P7,F,kuk,3,Plosive,Back,F,F,T,F,F,F,F,F,F,T,T
P7,F,lol,3,Sonorant,Back,F,F,F,F,F,T,F,F,T,F,T
P7,F,lim,2,Sonorant,Front,F,F,F,T,F,T,F,T,F,F,F
P7,F,kop,3,Plosive,Back,T,F,T,F,F,F,F,F,T,F,F
P7,F,mel,2,Sonorant,Front,F,F,F,T,F,T,T,F,F,F,F
P7,F,tep,0,Plosive,Front,T,T,F,F,F,F,T,F,F,F,F
P7,F,min,3,Sonorant,Front,F,F,F,T,T,F,F,T,F,F,F
P7,F,tik,3,Plosive,Front,F,T,T,F,F,F,F,T,F,F,F
P7,F,lun,1,Sonorant,Back,F,F,F,F,T,T,F,F,F,T,F
P7,F,pip,3,Plosive,Front,T,F,F,F,F,F,F,T,F,F,T
P7,F,non,2,Sonorant,Back,F,F,F,F,T,F,F,F,T,F,T
P7,F,kok,3,Plosive,Back,F,F,T,F,F,F,F,F,T,F,T
P8,M,lul,1,Sonorant,Back,F,F,F,F,F,T,F,F,F,T,T
P8,M,kit,3,Plosive,Front,F,T,T,F,F,F,F,T,F,F,F
P8,M,tot,2,Plosive,Back,F,T,F,F,F,F,F,F,T,F,T
P8,M,lum,2,Sonorant,Back,F,F,F,T,F,T,F,F,F,T,F
P8,M,mel,1,Sonorant,Front,F,F,F,T,F,T,T,F,F,F,F
P8,M,mem,2,Sonorant,Front,F,F,F,T,F,F,T,F,F,F,T
P8,M,top,1,Plosive,Back,T,T,F,F,F,F,F,F,T,F,F
P8,M,kip,3,Plosive,Front,T,F,T,F,F,F,F,T,F,F,F
P8,M,pup,2,Plosive,Back,T,F,F,F,F,F,F,F,F,T,T
P8,M,min,2,Sonorant,Front,F,F,F,T,T,F,F,T,F,F,F
P8,M,mun,1,Sonorant,Back,F,F,F,T,T,F,F,F,F,T,F
P8,M,tet,2,Plosive,Front,F,T,F,F,F,F,T,F,F,F,T
P8,M,lun,2,Sonorant,Back,F,F,F,F,T,T,F,F,F,T,F
P8,M,kut,1,Plosive,Back,F,T,T,F,F,F,F,F,F,T,F
P8,M,tik,2,Plosive,Front,F,T,T,F,F,F,F,T,F,F,F
P8,M,mil,1,Sonorant,Front,F,F,F,T,F,T,F,T,F,F,F
P9,M,mum,1,Sonorant,Back,F,F,F,T,F,F,F,F,F,T,T
P9,M,pik,2,Plosive,Front,T,F,T,F,F,F,F,T,F,F,F
P9,M,mun,1,Sonorant,Back,F,F,F,T,T,F,F,F,F,T,F
P9,M,lum,2,Sonorant,Back,F,F,F,T,F,T,F,F,F,T,F
P9,M,pup,1,Plosive,Back,T,F,F,F,F,F,F,F,F,T,T
P9,M,mil,2,Sonorant,Front,F,F,F,T,F,T,F,T,F,F,F
P9,M,tup,1,Plosive,Back,T,T,F,F,F,F,F,F,F,T,F
P9,M,lem,2,Sonorant,Front,F,F,F,T,F,T,T,F,F,F,F
P9,M,tep,3,Plosive,Front,T,T,F,F,F,F,T,F,F,F,F
P9,M,min,3,Sonorant,Front,F,F,F,T,T,F,F,T,F,F,F
P9,M,nom,2,Sonorant,Back,F,F,F,T,T,F,F,F,T,F,F
P9,M,nel,2,Sonorant,Front,F,F,F,F,T,T,T,F,F,F,F
P9,M,pek,3,Plosive,Front,T,F,T,F,F,F,T,F,F,F,F
P9,M,kok,2,Plosive,Back,F,F,T,F,F,F,F,F,T,F,T
P9,M,puk,3,Plosive,Back,T,F,T,F,F,F,F,F,F,T,F
P9,M,tip,2,Plosive,Front,T,T,F,F,F,F,F,T,F,F,F
P10,F,lel,3,Sonorant,Front,F,F,F,F,F,T,T,F,F,F,T
P10,F,nom,1,Sonorant,Back,F,F,F,T,T,F,F,F,T,F,F
P10,F,mon,2,Sonorant,Back,F,F,F,T,T,F,F,F,T,F,F
P10,F,lom,0,Sonorant,Back,F,F,F,T,F,T,F,F,T,F,F
P10,F,nem,3,Sonorant,Front,F,F,F,T,T,F,T,F,F,F,F
P10,F,pit,1,Plosive,Front,T,T,F,F,F,F,F,T,F,F,F
P10,F,kot,0,Plosive,Back,F,T,T,F,F,F,F,F,T,F,F
P10,F,pop,2,Plosive,Back,T,F,F,F,F,F,F,F,T,F,T
P10,F,mim,3,Sonorant,Front,F,F,F,T,F,F,F,T,F,F,T
P10,F,len,1,Sonorant,Front,F,F,F,F,T,T,T,F,F,F,F
P10,F,lun,2,Sonorant,Back,F,F,F,F,T,T,F,F,F,T,F
P10,F,put,3,Plosive,Back,T,T,F,F,F,F,F,F,F,T,F
P10,F,kuk,1,Plosive,Back,F,F,T,F,F,F,F,F,F,T,T
P10,F,tit,2,Plosive,Front,F,T,F,F,F,F,F,T,F,F,T
P10,F,kep,2,Plosive,Front,T,F,T,F,F,F,T,F,F,F,F
P10,F,pek,1,Plosive,Front,T,F,T,F,F,F,T,F,F,F,F
P11,M,kuk,1,Plosive,Back,F,F,T,F,F,F,F,F,F,T,T
P11,M,pek,1,Plosive,Front,T,F,T,F,F,F,T,F,F,F,F
P11,M,nim,3,Sonorant,Front,F,F,F,T,T,F,F,T,F,F,F
P11,M,pip,2,Plosive,Front,T,F,F,F,F,F,F,T,F,F,T
P11,M,kep,2,Plosive,Front,T,F,T,F,F,F,T,F,F,F,F
P11,M,mul,1,Sonorant,Back,F,F,F,T,F,T,F,F,F,T,F
P11,M,kip,3,Plosive,Front,T,F,T,F,F,F,F,T,F,F,F
P11,M,lim,1,Sonorant,Front,F,F,F,T,F,T,F,T,F,F,F
P11,M,mol,2,Sonorant,Back,F,F,F,T,F,T,F,F,T,F,F
P11,M,lel,1,Sonorant,Front,F,F,F,F,F,T,T,F,F,F,T
P11,M,mon,2,Sonorant,Back,F,F,F,T,T,F,F,F,T,F,F
P11,M,tut,2,Plosive,Back,F,T,F,F,F,F,F,F,F,T,T
P11,M,mel,1,Sonorant,Front,F,F,F,T,F,T,T,F,F,F,F
P11,M,top,3,Plosive,Back,T,T,F,F,F,F,F,F,T,F,F
P11,M,nul,0,Sonorant,Back,F,F,F,F,T,T,F,F,F,T,F
P11,M,kop,1,Plosive,Back,T,F,T,F,F,F,F,F,T,F,F
P12,F,lil,2,Sonorant,Front,F,F,F,F,F,T,F,T,F,F,T
P12,F,kit,3,Plosive,Front,F,T,T,F,F,F,F,T,F,F,F
P12,F,pot,1,Plosive,Back,T,T,F,F,F,F,F,F,T,F,F
P12,F,kut,3,Plosive,Back,F,T,T,F,F,F,F,F,F,T,F
P12,F,pit,0,Plosive,Front,T,T,F,F,F,F,F,T,F,F,F
P12,F,kot,2,Plosive,Back,F,T,T,F,F,F,F,F,T,F,F
P12,F,nom,2,Sonorant,Back,F,F,F,T,T,F,F,F,T,F,F
P12,F,kep,3,Plosive,Front,T,F,T,F,F,F,T,F,F,F,F
P12,F,tip,0,Plosive,Front,T,T,F,F,F,F,F,T,F,F,F
P12,F,mem,1,Sonorant,Front,F,F,F,T,F,F,T,F,F,F,T
P12,F,lel,2,Sonorant,Front,F,F,F,F,F,T,T,F,F,F,T
P12,F,nul,3,Sonorant,Back,F,F,F,F,T,T,F,F,F,T,F
P12,F,mum,2,Sonorant,Back,F,F,F,T,F,F,F,F,F,T,T
P12,F,nim,1,Sonorant,Front,F,F,F,T,T,F,F,T,F,F,F
P12,F,pok,2,Plosive,Back,T,F,T,F,F,F,F,F,T,F,F
P12,F,mon,0,Sonorant,Back,F,F,F,T,T,F,F,F,T,F,F
P13,M,mel,3,Sonorant,Front,F,F,F,T,F,T,T,F,F,F,F
P13,M,kop,3,Plosive,Back,T,F,T,F,F,F,F,F,T,F,F
P13,M,nim,3,Sonorant,Front,F,F,F,T,T,F,F,T,F,F,F
P13,M,tit,2,Plosive,Front,F,T,F,F,F,F,F,T,F,F,T
P13,M,ket,3,Plosive,Front,F,T,T,F,F,F,T,F,F,F,F
P13,M,mim,3,Sonorant,Front,F,F,F,T,F,F,F,T,F,F,T
P13,M,lul,3,Sonorant,Back,F,F,F,F,F,T,F,F,F,T,T
P13,M,pop,3,Plosive,Back,T,F,F,F,F,F,F,F,T,F,T
P13,M,kok,2,Plosive,Back,F,F,T,F,F,F,F,F,T,F,T
P13,M,pek,3,Plosive,Front,T,F,T,F,F,F,T,F,F,F,F
P13,M,kot,3,Plosive,Back,F,T,T,F,F,F,F,F,T,F,F
P13,M,kep,3,Plosive,Front,T,F,T,F,F,F,T,F,F,F,F
P13,M,lol,3,Sonorant,Back,F,F,F,F,F,T,F,F,T,F,T
P13,M,mon,3,Sonorant,Back,F,F,F,T,T,F,F,F,T,F,F
P13,M,nem,3,Sonorant,Front,F,F,F,T,T,F,T,F,F,F,F
P13,M,lon,3,Sonorant,Back,F,F,F,F,T,T,F,F,T,F,F
P14,F,mem,2,Sonorant,Front,F,F,F,T,F,F,T,F,F,F,T
P14,F,kep,2,Plosive,Front,T,F,T,F,F,F,T,F,F,F,F
P14,F,mun,2,Sonorant,Back,F,F,F,T,T,F,F,F,F,T,F
P14,F,lul,2,Sonorant,Back,F,F,F,F,F,T,F,F,F,T,T
P14,F,tot,2,Plosive,Back,F,T,F,F,F,F,F,F,T,F,T
P14,F,tet,2,Plosive,Front,F,T,F,F,F,F,T,F,F,F,T
P14,F,pok,3,Plosive,Back,T,F,T,F,F,F,F,F,T,F,F
P14,F,top,1,Plosive,Back,T,T,F,F,F,F,F,F,T,F,F
P14,F,lum,1,Sonorant,Back,F,F,F,T,F,T,F,F,F,T,F
P14,F,put,1,Plosive,Back,T,T,F,F,F,F,F,F,F,T,F
P14,F,mim,2,Sonorant,Front,F,F,F,T,F,F,F,T,F,F,T
P14,F,nim,2,Sonorant,Front,F,F,F,T,T,F,F,T,F,F,F
P14,F,pek,2,Plosive,Front,T,F,T,F,F,F,T,F,F,F,F
P14,F,ket,2,Plosive,Front,F,T,T,F,F,F,T,F,F,F,F
P14,F,mom,1,Sonorant,Back,F,F,F,T,F,F,F,F,T,F,T
P14,F,nil,2,Sonorant,Front,F,F,F,F,T,T,F,T,F,F,F
P15,F,nol,2,Sonorant,Back,F,F,F,F,T,T,F,F,T,F,F
P15,F,kok,1,Plosive,Back,F,F,T,F,F,F,F,F,T,F,T
P15,F,kek,0,Plosive,Front,F,F,T,F,F,F,T,F,F,F,T
P15,F,pep,2,Plosive,Front,T,F,F,F,F,F,T,F,F,F,T
P15,F,tot,3,Plosive,Back,F,T,F,F,F,F,F,F,T,F,T
P15,F,nim,1,Sonorant,Front,F,F,F,T,T,F,F,T,F,F,F
P15,F,lil,3,Sonorant,Front,F,F,F,F,F,T,F,T,F,F,T
P15,F,nel,1,Sonorant,Front,F,F,F,F,T,T,T,F,F,F,F
P15,F,tut,3,Plosive,Back,F,T,F,F,F,F,F,F,F,T,T
P15,F,num,2,Sonorant,Back,F,F,F,T,T,F,F,F,F,T,F
P15,F,nil,3,Sonorant,Front,F,F,F,F,T,T,F,T,F,F,F
P15,F,lum,1,Sonorant,Back,F,F,F,T,F,T,F,F,F,T,F
P15,F,pet,2,Plosive,Front,T,T,F,F,F,F,T,F,F,F,F
P15,F,pek,1,Plosive,Front,T,F,T,F,F,F,T,F,F,F,F
P15,F,lol,2,Sonorant,Back,F,F,F,F,F,T,F,F,T,F,T
P15,F,kut,1,Plosive,Back,F,T,T,F,F,F,F,F,F,T,F
P16,F,kep,2,Plosive,Front,T,F,T,F,F,F,T,F,F,F,F
P16,F,mim,3,Sonorant,Front,F,F,F,T,F,F,F,T,F,F,T
P16,F,pip,3,Plosive,Front,T,F,F,F,F,F,F,T,F,F,T
P16,F,men,1,Sonorant,Front,F,F,F,T,T,F,T,F,F,F,F
P16,F,nom,2,Sonorant,Back,F,F,F,T,T,F,F,F,T,F,F
P16,F,lul,2,Sonorant,Back,F,F,F,F,F,T,F,F,F,T,T
P16,F,lun,2,Sonorant,Back,F,F,F,F,T,T,F,F,F,T,F
P16,F,mum,3,Sonorant,Back,F,F,F,T,F,F,F,F,F,T,T
P16,F,tot,3,Plosive,Back,F,T,F,F,F,F,F,F,T,F,T
P16,F,tut,2,Plosive,Back,F,T,F,F,F,F,F,F,F,T,T
P16,F,tip,1,Plosive,Front,T,T,F,F,F,F,F,T,F,F,F
P16,F,top,2,Plosive,Back,T,T,F,F,F,F,F,F,T,F,F
P16,F,nel,1,Sonorant,Front,F,F,F,F,T,T,T,F,F,F,F
P16,F,nil,2,Sonorant,Front,F,F,F,F,T,T,F,T,F,F,F
P16,F,pit,2,Plosive,Front,T,T,F,F,F,F,F,T,F,F,F
P16,F,kup,3,Plosive,Back,T,F,T,F,F,F,F,F,F,T,F
P17,M,ket,1,Plosive,Front,F,T,T,F,F,F,T,F,F,F,F
P17,M,lol,2,Sonorant,Back,F,F,F,F,F,T,F,F,T,F,T
P17,M,min,3,Sonorant,Front,F,F,F,T,T,F,F,T,F,F,F
P17,M,nom,3,Sonorant,Back,F,F,F,T,T,F,F,F,T,F,F
P17,M,kut,0,Plosive,Back,F,T,T,F,F,F,F,F,F,T,F
P17,M,mim,1,Sonorant,Front,F,F,F,T,F,F,F,T,F,F,T
P17,M,tok,1,Plosive,Back,F,T,T,F,F,F,F,F,T,F,F
P17,M,lil,1,Sonorant,Front,F,F,F,F,F,T,F,T,F,F,T
P17,M,len,1,Sonorant,Front,F,F,F,F,T,T,T,F,F,F,F
P17,M,tik,0,Plosive,Front,F,T,T,F,F,F,F,T,F,F,F
P17,M,tek,2,Plosive,Front,F,T,T,F,F,F,T,F,F,F,F
P17,M,nol,2,Sonorant,Back,F,F,F,F,T,T,F,F,T,F,F
P17,M,kik,3,Plosive,Front,F,F,T,F,F,F,F,T,F,F,T
P17,M,lun,1,Sonorant,Back,F,F,F,F,T,T,F,F,F,T,F
P17,M,puk,2,Plosive,Back,T,F,T,F,F,F,F,F,F,T,F
P17,M,top,3,Plosive,Back,T,T,F,F,F,F,F,F,T,F,F
P18,M,pet,3,Plosive,Front,T,T,F,F,F,F,T,F,F,F,F
P18,M,mem,2,Sonorant,Front,F,F,F,T,F,F,T,F,F,F,T
P18,M,put,2,Plosive,Back,T,T,F,F,F,F,F,F,F,T,F
P18,M,lom,1,Sonorant,Back,F,F,F,T,F,T,F,F,T,F,F
P18,M,top,2,Plosive,Back,T,T,F,F,F,F,F,F,T,F,F
P18,M,kok,3,Plosive,Back,F,F,T,F,F,F,F,F,T,F,T
P18,M,lum,2,Sonorant,Back,F,F,F,T,F,T,F,F,F,T,F
P18,M,ket,1,Plosive,Front,F,T,T,F,F,F,T,F,F,F,F
P18,M,kuk,1,Plosive,Back,F,F,T,F,F,F,F,F,F,T,T
P18,M,tep,0,Plosive,Front,T,T,F,F,F,F,T,F,F,F,F
P18,M,nun,2,Sonorant,Back,F,F,F,F,T,F,F,F,F,T,T
P18,M,nin,1,Sonorant,Front,F,F,F,F,T,F,F,T,F,F,T
P18,M,men,2,Sonorant,Front,F,F,F,T,T,F,T,F,F,F,F
P18,M,num,2,Sonorant,Back,F,F,F,T,T,F,F,F,F,T,F
P18,M,len,3,Sonorant,Front,F,F,F,F,T,T,T,F,F,F,F
P18,M,pit,1,Plosive,Front,T,T,F,F,F,F,F,T,F,F,F
P19,M,lom,1,Sonorant,Back,F,F,F,T,F,T,F,F,T,F,F
P19,M,nul,1,Sonorant,Back,F,F,F,F,T,T,F,F,F,T,F
P19,M,tit,3,Plosive,Front,F,T,F,F,F,F,F,T,F,F,T
P19,M,kop,1,Plosive,Back,T,F,T,F,F,F,F,F,T,F,F
P19,M,pot,1,Plosive,Back,T,T,F,F,F,F,F,F,T,F,F
P19,M,mem,1,Sonorant,Front,F,F,F,T,F,F,T,F,F,F,T
P19,M,lem,0,Sonorant,Front,F,F,F,T,F,T,T,F,F,F,F
P19,M,len,0,Sonorant,Front,F,F,F,F,T,T,T,F,F,F,F
P19,M,mum,2,Sonorant,Back,F,F,F,T,F,F,F,F,F,T,T
P19,M,pok,2,Plosive,Back,T,F,T,F,F,F,F,F,T,F,F
P19,M,lim,1,Sonorant,Front,F,F,F,T,F,T,F,T,F,F,F
P19,M,tek,3,Plosive,Front,F,T,T,F,F,F,T,F,F,F,F
P19,M,kup,2,Plosive,Back,T,F,T,F,F,F,F,F,F,T,F
P19,M,mul,1,Sonorant,Back,F,F,F,T,F,T,F,F,F,T,F
P19,M,pip,3,Plosive,Front,T,F,F,F,F,F,F,T,F,F,T
P19,M,kip,3,Plosive,Front,T,F,T,F,F,F,F,T,F,F,F
P20,F,lol,1,Sonorant,Back,F,F,F,F,F,T,F,F,T,F,T
P20,F,lin,3,Sonorant,Front,F,F,F,F,T,T,F,T,F,F,F
P20,F,men,2,Sonorant,Front,F,F,F,T,T,F,T,F,F,F,F
P20,F,lon,1,Sonorant,Back,F,F,F,F,T,T,F,F,T,F,F
P20,F,lem,3,Sonorant,Front,F,F,F,T,F,T,T,F,F,F,F
P20,F,kuk,0,Plosive,Back,F,F,T,F,F,F,F,F,F,T,T
P20,F,ket,1,Plosive,Front,F,T,T,F,F,F,T,F,F,F,F
P20,F,tuk,0,Plosive,Back,F,T,T,F,F,F,F,F,F,T,F
P20,F,kup,0,Plosive,Back,T,F,T,F,F,F,F,F,F,T,F
P20,F,tek,2,Plosive,Front,F,T,T,F,F,F,T,F,F,F,F
P20,F,non,3,Sonorant,Back,F,F,F,F,T,F,F,F,T,F,T
P20,F,pet,3,Plosive,Front,T,T,F,F,F,F,T,F,F,F,F
P20,F,lom,3,Sonorant,Back,F,F,F,T,F,T,F,F,T,F,F
P20,F,kik,1,Plosive,Front,F,F,T,F,F,F,F,T,F,F,T
P20,F,min,1,Sonorant,Front,F,F,F,T,T,F,F,T,F,F,F
P20,F,put,3,Plosive,Back,T,T,F,F,F,F,F,F,F,T,F
P21,M,lim,2,Sonorant,Front,F,F,F,T,F,T,F,T,F,F,F
P21,M,nel,2,Sonorant,Front,F,F,F,F,T,T,T,F,F,F,F
P21,M,lol,1,Sonorant,Back,F,F,F,F,F,T,F,F,T,F,T
P21,M,kok,0,Plosive,Back,F,F,T,F,F,F,F,F,T,F,T
P21,M,lul,1,Sonorant,Back,F,F,F,F,F,T,F,F,F,T,T
P21,M,pit,2,Plosive,Front,T,T,F,F,F,F,F,T,F,F,F
P21,M,kep,3,Plosive,Front,T,F,T,F,F,F,T,F,F,F,F
P21,M,nem,3,Sonorant,Front,F,F,F,T,T,F,T,F,F,F,F
P21,M,min,3,Sonorant,Front,F,F,F,T,T,F,F,T,F,F,F
P21,M,pup,0,Plosive,Back,T,F,F,F,F,F,F,F,F,T,T
P21,M,pok,1,Plosive,Back,T,F,T,F,F,F,F,F,T,F,F
P21,M,lon,2,Sonorant,Back,F,F,F,F,T,T,F,F,T,F,F
P21,M,nul,2,Sonorant,Back,F,F,F,F,T,T,F,F,F,T,F
P21,M,tet,3,Plosive,Front,F,T,F,F,F,F,T,F,F,F,T
P21,M,tip,2,Plosive,Front,T,T,F,F,F,F,F,T,F,F,F
P21,M,puk,1,Plosive,Back,T,F,T,F,F,F,F,F,F,T,F
P22,F,tit,2,Plosive,Front,F,T,F,F,F,F,F,T,F,F,T
P22,F,nen,1,Sonorant,Front,F,F,F,F,T,F,T,F,F,F,T
P22,F,men,3,Sonorant,Front,F,F,F,T,T,F,T,F,F,F,F
P22,F,lon,2,Sonorant,Back,F,F,F,F,T,T,F,F,T,F,F
P22,F,nol,3,Sonorant,Back,F,F,F,F,T,T,F,F,T,F,F
P22,F,tuk,1,Plosive,Back,F,T,T,F,F,F,F,F,F,T,F
P22,F,kit,3,Plosive,Front,F,T,T,F,F,F,F,T,F,F,F
P22,F,kop,2,Plosive,Back,T,F,T,F,F,F,F,F,T,F,F
P22,F,nin,3,Sonorant,Front,F,F,F,F,T,F,F,T,F,F,T
P22,F,tot,2,Plosive,Back,F,T,F,F,F,F,F,F,T,F,T
P22,F,lol,1,Sonorant,Back,F,F,F,F,F,T,F,F,T,F,T
P22,F,nem,1,Sonorant,Front,F,F,F,T,T,F,T,F,F,F,F
P22,F,mon,2,Sonorant,Back,F,F,F,T,T,F,F,F,T,F,F
P22,F,pup,3,Plosive,Back,T,F,F,F,F,F,F,F,F,T,T
P22,F,tik,3,Plosive,Front,F,T,T,F,F,F,F,T,F,F,F
P22,F,kek,2,Plosive,Front,F,F,T,F,F,F,T,F,F,F,T
P23,F,mun,2,Sonorant,Back,F,F,F,T,T,F,F,F,F,T,F
P23,F,nem,3,Sonorant,Front,F,F,F,T,T,F,T,F,F,F,F
P23,F,lon,1,Sonorant,Back,F,F,F,F,T,T,F,F,T,F,F
P23,F,tet,0,Plosive,Front,F,T,F,F,F,F,T,F,F,F,T
P23,F,pup,2,Plosive,Back,T,F,F,F,F,F,F,F,F,T,T
P23,F,len,3,Sonorant,Front,F,F,F,F,T,T,T,F,F,F,F
P23,F,nom,3,Sonorant,Back,F,F,F,T,T,F,F,F,T,F,F
P23,F,pet,3,Plosive,Front,T,T,F,F,F,F,T,F,F,F,F
P23,F,tek,1,Plosive,Front,F,T,T,F,F,F,T,F,F,F,F
P23,F,lil,2,Sonorant,Front,F,F,F,F,F,T,F,T,F,F,T
P23,F,tup,1,Plosive,Back,T,T,F,F,F,F,F,F,F,T,F
P23,F,lun,2,Sonorant,Back,F,F,F,F,T,T,F,F,F,T,F
P23,F,nin,3,Sonorant,Front,F,F,F,F,T,F,F,T,F,F,T
P23,F,tut,1,Plosive,Back,F,T,F,F,F,F,F,F,F,T,T
P23,F,tip,1,Plosive,Front,T,T,F,F,F,F,F,T,F,F,F
P23,F,kot,1,Plosive,Back,F,T,T,F,F,F,F,F,T,F,F
P24,M,nil,0,Sonorant,Front,F,F,F,F,T,T,F,T,F,F,F
P24,M,non,1,Sonorant,Back,F,F,F,F,T,F,F,F,T,F,T
P24,M,lin,3,Sonorant,Front,F,F,F,F,T,T,F,T,F,F,F
P24,M,pek,2,Plosive,Front,T,F,T,F,F,F,T,F,F,F,F
P24,M,nun,1,Sonorant,Back,F,F,F,F,T,F,F,F,F,T,T
P24,M,tup,3,Plosive,Back,T,T,F,F,F,F,F,F,F,T,F
P24,M,lel,1,Sonorant,Front,F,F,F,F,F,T,T,F,F,F,T
P24,M,num,2,Sonorant,Back,F,F,F,T,T,F,F,F,F,T,F
P24,M,kek,3,Plosive,Front,F,F,T,F,F,F,T,F,F,F,T
P24,M,tek,3,Plosive,Front,F,T,T,F,F,F,T,F,F,F,F
P24,M,top,1,Plosive,Back,T,T,F,F,F,F,F,F,T,F,F
P24,M,tuk,2,Plosive,Back,F,T,T,F,F,F,F,F,F,T,F
P24,M,min,3,Sonorant,Front,F,F,F,T,T,F,F,T,F,F,F
P24,M,put,1,Plosive,Back,T,T,F,F,F,F,F,F,F,T,F
P24,M,kip,1,Plosive,Front,T,F,T,F,F,F,F,T,F,F,F
P24,M,nol,0,Sonorant,Back,F,F,F,F,T,T,F,F,T,F,F
P25,M,num,2,Sonorant,Back,F,F,F,T,T,F,F,F,F,T,F
P25,M,lul,1,Sonorant,Back,F,F,F,F,F,T,F,F,F,T,T
P25,M,kuk,0,Plosive,Back,F,F,T,F,F,F,F,F,F,T,T
P25,M,mel,1,Sonorant,Front,F,F,F,T,F,T,T,F,F,F,F
P25,M,nim,3,Sonorant,Front,F,F,F,T,T,F,F,T,F,F,F
P25,M,ket,2,Plosive,Front,F,T,T,F,F,F,T,F,F,F,F
P25,M,kip,0,Plosive,Front,T,F,T,F,F,F,F,T,F,F,F
P25,M,pik,0,Plosive,Front,T,F,T,F,F,F,F,T,F,F,F
P25,M,tot,1,Plosive,Back,F,T,F,F,F,F,F,F,T,F,T
P25,M,tok,3,Plosive,Back,F,T,T,F,F,F,F,F,T,F,F
P25,M,tup,2,Plosive,Back,T,T,F,F,F,F,F,F,F,T,F
P25,M,lom,0,Sonorant,Back,F,F,F,T,F,T,F,F,T,F,F
P25,M,nul,3,Sonorant,Back,F,F,F,F,T,T,F,F,F,T,F
P25,M,tet,1,Plosive,Front,F,T,F,F,F,F,T,F,F,F,T
P25,M,mim,2,Sonorant,Front,F,F,F,T,F,F,F,T,F,F,T
P25,M,men,3,Sonorant,Front,F,F,F,T,T,F,T,F,F,F,F
P26,M,pok,2,Plosive,Back,T,F,T,F,F,F,F,F,T,F,F
P26,M,pot,3,Plosive,Back,T,T,F,F,F,F,F,F,T,F,F
P26,M,kuk,0,Plosive,Back,F,F,T,F,F,F,F,F,F,T,T
P26,M,lem,1,Sonorant,Front,F,F,F,T,F,T,T,F,F,F,F
P26,M,kik,3,Plosive,Front,F,F,T,F,F,F,F,T,F,F,T
P26,M,kit,2,Plosive,Front,F,T,T,F,F,F,F,T,F,F,F
P26,M,pup,2,Plosive,Back,T,F,F,F,F,F,F,F,F,T,T
P26,M,tit,0,Plosive,Front,F,T,F,F,F,F,F,T,F,F,T
P26,M,kep,1,Plosive,Front,T,F,T,F,F,F,T,F,F,F,F
P26,M,nun,3,Sonorant,Back,F,F,F,F,T,F,F,F,F,T,T
P26,M,nem,1,Sonorant,Front,F,F,F,T,T,F,T,F,F,F,F
P26,M,nol,0,Sonorant,Back,F,F,F,F,T,T,F,F,T,F,F
P26,M,mem,2,Sonorant,Front,F,F,F,T,F,F,T,F,F,F,T
P26,M,nen,2,Sonorant,Front,F,F,F,F,T,F,T,F,F,F,T
P26,M,lun,0,Sonorant,Back,F,F,F,F,T,T,F,F,F,T,F
P26,M,mul,0,Sonorant,Back,F,F,F,T,F,T,F,F,F,T,F
P27,F,pek,2,Plosive,Front,T,F,T,F,F,F,T,F,F,F,F
P27,F,tup,0,Plosive,Back,T,T,F,F,F,F,F,F,F,T,F
P27,F,put,3,Plosive,Back,T,T,F,F,F,F,F,F,F,T,F
P27,F,nin,3,Sonorant,Front,F,F,F,F,T,F,F,T,F,F,T
P27,F,nul,0,Sonorant,Back,F,F,F,F,T,T,F,F,F,T,F
P27,F,lol,3,Sonorant,Back,F,F,F,F,F,T,F,F,T,F,T
P27,F,pup,3,Plosive,Back,T,F,F,F,F,F,F,F,F,T,T
P27,F,len,0,Sonorant,Front,F,F,F,F,T,T,T,F,F,F,F
P27,F,lem,1,Sonorant,Front,F,F,F,T,F,T,T,F,F,F,F
P27,F,kep,1,Plosive,Front,T,F,T,F,F,F,T,F,F,F,F
P27,F,non,0,Sonorant,Back,F,F,F,F,T,F,F,F,T,F,T
P27,F,tek,2,Plosive,Front,F,T,T,F,F,F,T,F,F,F,F
P27,F,lom,1,Sonorant,Back,F,F,F,T,F,T,F,F,T,F,F
P27,F,kok,0,Plosive,Back,F,F,T,F,F,F,F,F,T,F,T
P27,F,pep,3,Plosive,Front,T,F,F,F,F,F,T,F,F,F,T
P27,F,nen,3,Sonorant,Front,F,F,F,F,T,F,T,F,F,F,T
P28,F,tik,1,Plosive,Front,F,T,T,F,F,F,F,T,F,F,F
P28,F,kup,2,Plosive,Back,T,F,T,F,F,F,F,F,F,T,F
P28,F,lil,3,Sonorant,Front,F,F,F,F,F,T,F,T,F,F,T
P28,F,nom,3,Sonorant,Back,F,F,F,T,T,F,F,F,T,F,F
P28,F,nel,3,Sonorant,Front,F,F,F,F,T,T,T,F,F,F,F
P28,F,lum,1,Sonorant,Back,F,F,F,T,F,T,F,F,F,T,F
P28,F,kop,1,Plosive,Back,T,F,T,F,F,F,F,F,T,F,F
P28,F,tuk,0,Plosive,Back,F,T,T,F,F,F,F,F,F,T,F
P28,F,pet,1,Plosive,Front,T,T,F,F,F,F,T,F,F,F,F
P28,F,pip,3,Plosive,Front,T,F,F,F,F,F,F,T,F,F,T
P28,F,nin,3,Sonorant,Front,F,F,F,F,T,F,F,T,F,F,T
P28,F,nim,2,Sonorant,Front,F,F,F,T,T,F,F,T,F,F,F
P28,F,tup,2,Plosive,Back,T,T,F,F,F,F,F,F,F,T,F
P28,F,lun,0,Sonorant,Back,F,F,F,F,T,T,F,F,F,T,F
P28,F,ket,1,Plosive,Front,F,T,T,F,F,F,T,F,F,F,F
P28,F,mom,3,Sonorant,Back,F,F,F,T,F,F,F,F,T,F,T
P29,M,lim,2,Sonorant,Front,F,F,F,T,F,T,F,T,F,F,F
P29,M,mon,1,Sonorant,Back,F,F,F,T,T,F,F,F,T,F,F
P29,M,kik,1,Plosive,Front,F,F,T,F,F,F,F,T,F,F,T
P29,M,nem,1,Sonorant,Front,F,F,F,T,T,F,T,F,F,F,F
P29,M,lun,2,Sonorant,Back,F,F,F,F,T,T,F,F,F,T,F
P29,M,puk,0,Plosive,Back,T,F,T,F,F,F,F,F,F,T,F
P29,M,tok,0,Plosive,Back,F,T,T,F,F,F,F,F,T,F,F
P29,M,nol,1,Sonorant,Back,F,F,F,F,T,T,F,F,T,F,F
P29,M,ket,1,Plosive,Front,F,T,T,F,F,F,T,F,F,F,F
P29,M,men,2,Sonorant,Front,F,F,F,T,T,F,T,F,F,F,F
P29,M,tek,2,Plosive,Front,F,T,T,F,F,F,T,F,F,F,F
P29,M,mum,1,Sonorant,Back,F,F,F,T,F,F,F,F,F,T,T
P29,M,lin,3,Sonorant,Front,F,F,F,F,T,T,F,T,F,F,F
P29,M,tik,3,Plosive,Front,F,T,T,F,F,F,F,T,F,F,F
P29,M,kot,1,Plosive,Back,F,T,T,F,F,F,F,F,T,F,F
P29,M,tot,2,Plosive,Back,F,T,F,F,F,F,F,F,T,F,T